{
  "log_likelihood": -40281.48087490799,
  "n_iter": 72,
  "aic": 80860.96174981598,
  "bic": 81795.84094382267,
  "n_samples": 3922,
  "n_features": 8,
  "config": {
    "n_states": 3,
    "max_iter": 100,
    "tol": 0.0001,
    "n_init": 5,
    "min_df": 3.0,
    "max_df": 30.0,
    "random_seed": 42,
    "reg_covar": 1e-06
  }
}