{
  "status": "ok",
  "config": {
    "n_states": 3,
    "max_iter": 100,
    "tol": 0.0001,
    "n_init": 5,
    "min_df": 3.0,
    "max_df": 30.0,
    "random_seed": 42,
    "reg_covar": 1e-06
  },
  "model_path": "reports/hmm_training/regime_hmm",
  "log_likelihood": 9541.788852125645,
  "aic": -18785.57770425129,
  "bic": -17952.766666598865,
  "n_iter": 89,
  "degrees_of_freedom": [
    30.0,
    30.0,
    30.0
  ],
  "transition_matrix": [
    [
      0.9748317761017232,
      0.012156463572986819,
      0.013011760325289985
    ],
    [
      0.035911816369249144,
      0.9542813983603576,
      0.009806785270393192
    ],
    [
      0.010204653970556596,
      0.027986969797067527,
      0.9618083762323759
    ]
  ],
  "regime_quality": {
    "bull_count": 964,
    "bull_mean_fwd_20d": -0.0036957266298101076,
    "sideways_count": 547,
    "sideways_mean_fwd_20d": 0.009527439148875478,
    "bear_count": 466,
    "bear_mean_fwd_20d": 0.008434247014019415,
    "return_separation": -0.012129973643829523,
    "bull_ratio": 0.4876074860900354,
    "sideways_ratio": 0.2766818411734952,
    "bear_ratio": 0.2357106727364694,
    "turnovers": 63,
    "avg_dwell": 30.890625,
    "mean_entropy": 1.0464161246538444
  },
  "walk_forward_results": [
    {
      "train_start": "2018",
      "train_end": "2021",
      "validate_start": "2022",
      "validate_end": "2022",
      "train_rows": 914,
      "validate_rows": 183,
      "bull_count": 102,
      "bull_mean_fwd_20d": 0.0021516211177676527,
      "sideways_count": 44,
      "sideways_mean_fwd_20d": -0.036705113965918905,
      "bear_count": 37,
      "bear_mean_fwd_20d": -0.01929014193155252,
      "return_separation": 0.021441763049320172,
      "bull_ratio": 0.5573770491803278,
      "sideways_ratio": 0.24043715846994534,
      "bear_ratio": 0.20218579234972678,
      "turnovers": 6,
      "avg_dwell": 26.142857142857142,
      "mean_entropy": 1.002558089349088
    },
    {
      "train_start": "2019",
      "train_end": "2022",
      "validate_start": "2023",
      "validate_end": "2023",
      "train_rows": 913,
      "validate_rows": 183,
      "bull_count": 15,
      "bull_mean_fwd_20d": 0.010051510357244563,
      "sideways_count": 53,
      "sideways_mean_fwd_20d": 0.00642603939749862,
      "bear_count": 115,
      "bear_mean_fwd_20d": -0.0074843007337534765,
      "return_separation": 0.01753581109099804,
      "bull_ratio": 0.08196721311475409,
      "sideways_ratio": 0.2896174863387978,
      "bear_ratio": 0.6284153005464481,
      "turnovers": 7,
      "avg_dwell": 22.875,
      "mean_entropy": 0.8398043825412809
    },
    {
      "train_start": "2020",
      "train_end": "2023",
      "validate_start": "2024",
      "validate_end": "2024",
      "train_rows": 911,
      "validate_rows": 183,
      "bull_count": 71,
      "bull_mean_fwd_20d": 0.014410637030061724,
      "sideways_count": 55,
      "sideways_mean_fwd_20d": -0.019184010840774555,
      "bear_count": 57,
      "bear_mean_fwd_20d": 0.004608485630319987,
      "return_separation": 0.009802151399741738,
      "bull_ratio": 0.3879781420765027,
      "sideways_ratio": 0.3005464480874317,
      "bear_ratio": 0.3114754098360656,
      "turnovers": 11,
      "avg_dwell": 15.25,
      "mean_entropy": 1.089733603570511
    },
    {
      "train_start": "2021",
      "train_end": "2024",
      "validate_start": "2025",
      "validate_end": "2025",
      "train_rows": 910,
      "validate_rows": 184,
      "bull_count": 125,
      "bull_mean_fwd_20d": 0.022724643317846988,
      "sideways_count": 58,
      "sideways_mean_fwd_20d": 0.020265082912336158,
      "bear_count": 1,
      "bear_mean_fwd_20d": 0.012599304656679244,
      "return_separation": 0.010125338661167743,
      "bull_ratio": 0.6793478260869565,
      "sideways_ratio": 0.31521739130434784,
      "bear_ratio": 0.005434782608695652,
      "turnovers": 8,
      "avg_dwell": 20.444444444444443,
      "mean_entropy": 0.698556223966614
    },
    {
      "train_start": "2022",
      "train_end": "2025",
      "validate_start": "2026",
      "validate_end": "2026",
      "train_rows": 910,
      "validate_rows": 35,
      "bull_count": 4,
      "bull_mean_fwd_20d": 0.0,
      "sideways_count": 21,
      "sideways_mean_fwd_20d": 0.007441129438376404,
      "bear_count": 10,
      "bear_mean_fwd_20d": -0.0027666839790769894,
      "return_separation": 0.0027666839790769894,
      "bull_ratio": 0.11428571428571428,
      "sideways_ratio": 0.6,
      "bear_ratio": 0.2857142857142857,
      "turnovers": 3,
      "avg_dwell": 8.75,
      "mean_entropy": 0.9159179454529548
    }
  ],
  "champion_comparison": {
    "agreement_rate": 0.2852807283763278,
    "hmm_regime_quality": {
      "bull_count": 964,
      "bull_mean_fwd_20d": -0.0036957266298101076,
      "sideways_count": 547,
      "sideways_mean_fwd_20d": 0.009527439148875478,
      "bear_count": 466,
      "bear_mean_fwd_20d": 0.008434247014019415,
      "return_separation": -0.012129973643829523,
      "bull_ratio": 0.4876074860900354,
      "sideways_ratio": 0.2766818411734952,
      "bear_ratio": 0.2357106727364694,
      "turnovers": 63,
      "avg_dwell": 30.890625,
      "mean_entropy": 1.0464161246538444
    },
    "champion_regime_quality": {
      "sideways_mean_fwd_20d": 0.001414659396769711,
      "sideways_count": 1190,
      "bear_mean_fwd_20d": 0.004970708872382424,
      "bear_count": 787
    }
  }
}