{
  "status": "ok",
  "config": {
    "n_states": 3,
    "max_iter": 100,
    "tol": 0.0001,
    "n_init": 5,
    "min_df": 3.0,
    "max_df": 30.0,
    "random_seed": 42,
    "reg_covar": 1e-06
  },
  "model_path": "reports/hmm_training/regime_hmm",
  "log_likelihood": 17847.397013037003,
  "aic": -35396.79402607401,
  "bic": -34461.95282773245,
  "n_iter": 100,
  "degrees_of_freedom": [
    30.0,
    30.0,
    30.0
  ],
  "transition_matrix": [
    [
      0.9407629891736652,
      0.047354144195405186,
      0.011882866630929703
    ],
    [
      0.035386202777570125,
      0.9536229743950001,
      0.010990822827429728
    ],
    [
      0.010458208196120032,
      0.02112559346325718,
      0.9684161983406229
    ]
  ],
  "regime_quality": {
    "bull_count": 1204,
    "bull_mean_fwd_20d": -0.0005629877367799614,
    "sideways_count": 1702,
    "sideways_mean_fwd_20d": 0.0027024150336469365,
    "bear_count": 1015,
    "bear_mean_fwd_20d": 0.007916834101249468,
    "return_separation": -0.008479821838029429,
    "bull_ratio": 0.3070645243560316,
    "sideways_ratio": 0.43407294057638357,
    "bear_ratio": 0.2588625350675848,
    "turnovers": 172,
    "avg_dwell": 22.664739884393065,
    "mean_entropy": 1.0752806859091568
  },
  "walk_forward_results": [
    {
      "train_start": "2010",
      "train_end": "2013",
      "validate_start": "2014",
      "validate_end": "2014",
      "train_rows": 908,
      "validate_rows": 186,
      "bull_count": 72,
      "bull_mean_fwd_20d": 0.0155015007441143,
      "sideways_count": 89,
      "sideways_mean_fwd_20d": 0.024365164329475532,
      "bear_count": 25,
      "bear_mean_fwd_20d": 0.0016278763200173608,
      "return_separation": 0.01387362442409694,
      "bull_ratio": 0.3870967741935484,
      "sideways_ratio": 0.478494623655914,
      "bear_ratio": 0.13440860215053763,
      "turnovers": 6,
      "avg_dwell": 26.571428571428573,
      "mean_entropy": 0.9895462950038478
    },
    {
      "train_start": "2011",
      "train_end": "2014",
      "validate_start": "2015",
      "validate_end": "2015",
      "train_rows": 911,
      "validate_rows": 185,
      "bull_count": 46,
      "bull_mean_fwd_20d": 0.0024652867689966894,
      "sideways_count": 33,
      "sideways_mean_fwd_20d": -0.11144723231529548,
      "bear_count": 106,
      "bear_mean_fwd_20d": 0.03905546584979086,
      "return_separation": -0.03659017908079417,
      "bull_ratio": 0.24864864864864866,
      "sideways_ratio": 0.1783783783783784,
      "bear_ratio": 0.572972972972973,
      "turnovers": 6,
      "avg_dwell": 26.428571428571427,
      "mean_entropy": 0.9698506446625395
    },
    {
      "train_start": "2012",
      "train_end": "2015",
      "validate_start": "2016",
      "validate_end": "2016",
      "train_rows": 911,
      "validate_rows": 185,
      "bull_count": 152,
      "bull_mean_fwd_20d": 0.005146231662464078,
      "sideways_count": 16,
      "sideways_mean_fwd_20d": -0.18427077006714887,
      "bear_count": 17,
      "bear_mean_fwd_20d": 0.0009006206017818717,
      "return_separation": 0.004245611060682206,
      "bull_ratio": 0.8216216216216217,
      "sideways_ratio": 0.08648648648648649,
      "bear_ratio": 0.0918918918918919,
      "turnovers": 6,
      "avg_dwell": 26.428571428571427,
      "mean_entropy": 0.6060307801094825
    },
    {
      "train_start": "2013",
      "train_end": "2016",
      "validate_start": "2017",
      "validate_end": "2017",
      "train_rows": 912,
      "validate_rows": 185,
      "bull_count": 63,
      "bull_mean_fwd_20d": 0.012596129858826815,
      "sideways_count": 47,
      "sideways_mean_fwd_20d": -0.005349951574745143,
      "bear_count": 75,
      "bear_mean_fwd_20d": 0.016367059610471753,
      "return_separation": -0.0037709297516449383,
      "bull_ratio": 0.34054054054054056,
      "sideways_ratio": 0.25405405405405407,
      "bear_ratio": 0.40540540540540543,
      "turnovers": 11,
      "avg_dwell": 15.416666666666666,
      "mean_entropy": 1.0796137974550757
    },
    {
      "train_start": "2014",
      "train_end": "2017",
      "validate_start": "2018",
      "validate_end": "2018",
      "train_rows": 918,
      "validate_rows": 184,
      "bull_count": 12,
      "bull_mean_fwd_20d": -0.004435667251117603,
      "sideways_count": 113,
      "sideways_mean_fwd_20d": -0.03791474440635083,
      "bear_count": 59,
      "bear_mean_fwd_20d": -0.011845780361933636,
      "return_separation": 0.007410113110816033,
      "bull_ratio": 0.06521739130434782,
      "sideways_ratio": 0.6141304347826086,
      "bear_ratio": 0.32065217391304346,
      "turnovers": 5,
      "avg_dwell": 30.666666666666668,
      "mean_entropy": 0.8540334673918588
    },
    {
      "train_start": "2015",
      "train_end": "2018",
      "validate_start": "2019",
      "validate_end": "2019",
      "train_rows": 916,
      "validate_rows": 185,
      "bull_count": 144,
      "bull_mean_fwd_20d": -0.0034511613321281977,
      "sideways_count": 19,
      "sideways_mean_fwd_20d": 0.09596231564410021,
      "bear_count": 22,
      "bear_mean_fwd_20d": 0.09336721226854,
      "return_separation": -0.0968183736006682,
      "bull_ratio": 0.7783783783783784,
      "sideways_ratio": 0.10270270270270271,
      "bear_ratio": 0.11891891891891893,
      "turnovers": 3,
      "avg_dwell": 46.25,
      "mean_entropy": 0.6834325455203144
    },
    {
      "train_start": "2016",
      "train_end": "2019",
      "validate_start": "2020",
      "validate_end": "2020",
      "train_rows": 916,
      "validate_rows": 184,
      "bull_count": 137,
      "bull_mean_fwd_20d": 0.012922570244698013,
      "sideways_count": 26,
      "sideways_mean_fwd_20d": 0.026648290138593694,
      "bear_count": 21,
      "bear_mean_fwd_20d": -0.012516625714704969,
      "return_separation": 0.025439195959402982,
      "bull_ratio": 0.7445652173913043,
      "sideways_ratio": 0.14130434782608695,
      "bear_ratio": 0.11413043478260869,
      "turnovers": 7,
      "avg_dwell": 23.0,
      "mean_entropy": 0.7412753098801009
    },
    {
      "train_start": "2017",
      "train_end": "2020",
      "validate_start": "2021",
      "validate_end": "2021",
      "train_rows": 915,
      "validate_rows": 184,
      "bull_count": 106,
      "bull_mean_fwd_20d": 0.007771915424834821,
      "sideways_count": 50,
      "sideways_mean_fwd_20d": -0.01505145104579,
      "bear_count": 28,
      "bear_mean_fwd_20d": 0.01779492869087684,
      "return_separation": -0.010023013266042019,
      "bull_ratio": 0.5760869565217391,
      "sideways_ratio": 0.2717391304347826,
      "bear_ratio": 0.15217391304347827,
      "turnovers": 6,
      "avg_dwell": 26.285714285714285,
      "mean_entropy": 0.9751686707778016
    },
    {
      "train_start": "2018",
      "train_end": "2021",
      "validate_start": "2022",
      "validate_end": "2022",
      "train_rows": 914,
      "validate_rows": 183,
      "bull_count": 102,
      "bull_mean_fwd_20d": 0.0021516211177676527,
      "sideways_count": 44,
      "sideways_mean_fwd_20d": -0.036705113965918905,
      "bear_count": 37,
      "bear_mean_fwd_20d": -0.01929014193155252,
      "return_separation": 0.021441763049320172,
      "bull_ratio": 0.5573770491803278,
      "sideways_ratio": 0.24043715846994534,
      "bear_ratio": 0.20218579234972678,
      "turnovers": 6,
      "avg_dwell": 26.142857142857142,
      "mean_entropy": 1.002558089349088
    },
    {
      "train_start": "2019",
      "train_end": "2022",
      "validate_start": "2023",
      "validate_end": "2023",
      "train_rows": 913,
      "validate_rows": 183,
      "bull_count": 15,
      "bull_mean_fwd_20d": 0.010051510357244563,
      "sideways_count": 53,
      "sideways_mean_fwd_20d": 0.00642603939749862,
      "bear_count": 115,
      "bear_mean_fwd_20d": -0.0074843007337534765,
      "return_separation": 0.01753581109099804,
      "bull_ratio": 0.08196721311475409,
      "sideways_ratio": 0.2896174863387978,