{
  "log_likelihood": 17847.397013037003,
  "n_iter": 100,
  "aic": -35396.79402607401,
  "bic": -34461.95282773245,
  "n_samples": 3921,
  "n_features": 8,
  "config": {
    "n_states": 3,
    "max_iter": 100,
    "tol": 0.0001,
    "n_init": 5,
    "min_df": 3.0,
    "max_df": 30.0,
    "random_seed": 42,
    "reg_covar": 1e-06
  }
}